,prim.1,prim.2,prim.3,prim.4,prim.5,prim.6,prim.7,mono.1,mono.2,mono.3,mono.4,mono.5
ABCC3,2,3,8,9,3,5,0,218,95,275,233,444
ABCE1,1694,1161,3824,3086,2663,3039,1766,1395,1498,708,638,933
ABHD15,397,607,259,433,475,613,694,628,755,765,780,387
ABHD17B,1012,1456,1199,1145,1810,511,605,449,970,549,378,434
ABHD6,36,76,142,46,62,94,87,146,172,129,137,94
ACER3,136,196,312,217,317,367,153,1735,1441,763,499,513
ACOX3,183,192,140,291,142,432,331,336,241,329,302,252
ACSL3,392,387,541,436,310,479,394,1259,830,497,575,777
ACSM3,292,685,960,307,1039,501,239,127,363,44,189,34
ACSS1,1386,1940,1429,1460,1551,1967,1781,751,918,1012,870,378
ACTB,54419,74890,46259,71687,46810,80095,62916,215833,122146,156877,146931,228755
ACTR3B,106,92,164,86,48,138,124,24,18,54,48,43
ACVRL1,1,1,3,2,0,1,0,101,47,159,24,95
ADAM22,61,52,103,14,52,58,45,2,24,2,24,7
ADAM9,34,53,201,262,73,92,76,2435,1682,1014,619,1401
ADAP1,130,257,30,41,87,161,178,465,322,664,663,688
ADAT2,159,63,171,36,77,55,80,16,30,21,37,19
ADCY6,549,1004,638,478,677,479,1244,19,27,126,64,58
ADCY7,1056,2638,1518,156,1692,1739,2886,4157,3483,3048,2861,4109
ADM,8,11,33,193,8,65,23,152,172,449,762,953
AGFG1,562,561,1403,1562,1015,877,617,5567,4284,2488,1847,1612
AGK,487,504,603,581,576,604,459,372,366,304,361,246
AGPAT3,330,618,500,657,348,277,145,1722,1679,1360,1560,1769
AGTRAP,396,374,82,397,225,348,279,2850,2036,3507,3922,3295
AHCYL1,1149,1276,2348,1490,1685,2199,1605,2491,3011,2346,1776,2214
AHNAK,6867,32480,1987,2139,8251,9045,12443,34024,27911,49934,43470,36556
AIM1,412,709,131,655,490,887,867,3126,2134,2097,2643,1944
AJUBA,14,15,14,5,25,1,9,3,5,1,2,2
ALDH3B1,1060,1607,232,1224,954,1378,1017,4278,3440,4634,4154,4240
ALDH4A1,59,63,89,40,45,133,103,211,104,177,231,143
ALDH9A1,707,510,847,1041,591,1085,868,2148,1834,1251,1785,1317
ALOX5,147,438,136,244,278,4618,2105,5037,1661,4744,1367,5255
ALOX5AP,65,269,262,122,221,449,265,4665,2496,7264,3066,439
ANAPC1,684,491,734,711,574,961,711,255,291,269,262,159
ANGPT1,5111,4276,7517,3155,7640,5351,1892,114,797,68,54,86
ANKRD16,128,118,64,84,65,63,160,16,20,60,47,61
ANXA11,2951,4189,3084,3477,2532,3653,3516,4862,4061,6180,4373,6587
ANXA2,1410,360,1565,6492,485,2190,2318,33588,20266,27264,31167,18620
ANXA5,73,282,13,5797,244,607,86,17174,8294,13344,8850,2514
AOAH,205,267,517,279,310,106,30,6352,3787,5473,3797,16443
AP2A1,765,1266,576,837,647,1303,1506,2094,1096,2412,2561,3980
AP2B1,3110,5526,6260,4710,5202,7608,7126,3246,3062,3473,3055,3112
APCDD1,0,4,5,0,4,25,20,106,124,56,194,13
APLP2,2457,10023,1851,11660,7567,9780,7465,33442,38651,33011,30119,32872
APOBR,375,2565,445,246,966,1003,1274,2076,1564,5258,4452,2111
APOL2,340,92,218,204,121,301,468,255,359,267,308,436
APOL6,493,359,222,263,183,268,302,734,838,478,512,1415
ARAF,988,1488,694,771,788,1211,1349,1362,907,1895,1700,2152
ARAP1,1737,2420,849,490,930,1579,2415,3448,2812,4952,4801,5754
ARAP3,4,1,22,16,0,0,1,203,145,299,260,203
ARF5,831,1814,816,1010,1312,1329,1250,2208,1317,2329,1803,2234
ARHGAP23,299,308,90,229,110,46,272,45,47,92,113,70
ARHGAP24,2,2,0,0,1,6,0,458,81,172,139,304
ARHGAP30,1676,3716,1409,1461,2306,2028,3476,4486,4260,5575,5995,5085
ARHGAP31,13,5,32,50,1,20,51,934,71,984,1107,1484
ARHGEF10L,1,3,0,14,1,11,1,739,384,554,819,913
ARHGEF11,5,433,122,109,129,84,204,735,639,887,817,174
ARHGEF3,896,930,693,929,923,944,850,3871,2490,1404,1725,1850
ARHGEF9,239,303,298,242,308,213,252,147,133,82,164,197
ARL4A,1239,1215,1111,1256,2420,608,370,4664,3692,1735,2844,3846
ARMCX1,305,268,295,443,376,126,197,247,87,52,94,98
ARNT,817,1211,738,837,1017,1048,1037,1402,1386,1443,1957,1795
ARNTL,17,32,46,28,32,15,39,316,253,156,281,1
ARPC1B,107,219,272,351,374,393,231,899,637,349,382,461
ARPC2,5237,9946,8707,7064,9733,11251,7298,18049,16522,12903,14594,20158
ARPC3,3672,5813,7716,6044,7101,6683,4335,14212,15540,11074,8117,16670
ARPC4,891,1451,1900,1522,1419,2391,1620,3831,3153,3316,3230,3597
ARRB2,1680,2632,1001,2559,1654,1290,1369,8903,7731,6357,4556,19812
ARSB,294,232,262,342,223,388,176,812,998,933,482,972
ASAH1,1267,2207,2540,3703,3656,3458,1587,15550,20694,5418,3945,20048
ASB2,28,8,6,1,4,15,8,19,18,121,123,91
ASGR1,17,10,19,6,0,11,18,332,149,288,231,659
ASPHD2,14,51,26,35,38,23,24,93,60,154,137,240
ATAT1,130,139,99,50,100,81,164,40,32,72,51,79
ATG3,1020,1218,1216,1245,1181,1160,946,5023,3406,3216,3645,4197
ATIC,2444,1624,2808,2236,1923,2617,1829,1251,1197,1500,1209,668
ATP1B1,1528,1698,2108,1110,1313,1404,584,189,319,23,23,1091
ATP2A3,5339,8959,3306,4871,4008,6198,7940,1283,2425,2821,3383,884
ATP2C1,2086,2336,5035,3241,3423,3321,2303,1733,2839,1049,802,955
ATP6V0D1,795,1385,631,899,765,1935,1194,4829,4156,5291,4167,7180
ATP6V1A,649,863,910,1112,972,1676,450,3321,3532,2148,1558,1196
ATP8A1,666,742,1133,1284,1041,984,965,149,628,242,231,351
ATP8B2,870,905,758,1285,874,645,1508,59,172,133,297,83
ATXN1,1,17,258,305,13,4,68,617,851,998,889,1207
ATXN7L3,1207,1523,1034,1112,1097,1197,1471,1424,1290,2031,1850,1767
B3GALNT1,301,366,821,513,594,529,310,205,190,100,151,14
B3GALNT2,58,103,114,74,91,55,57,91,193,135,172,163
B4GALT1,892,1319,640,1348,878,844,562,5319,3645,2525,1673,4742
BAG3,75,25,207,1,11,11,48,231,130,369,520,851
BBS9,218,448,357,389,553,322,381,202,208,187,191,149
BCKDHB,270,394,571,592,628,439,275,119,136,98,155,103
BCL2,913,658,473,773,878,978,803,67,229,225,195,307
BCL2L13,1292,1423,1373,1463,1301,2162,1838,2158,2105,1789,2704,2135
BECN1,793,791,1166,1278,1055,1278,1009,2131,1927,1252,1303,1945
BEND5,144,174,119,125,197,123,233,3,21,56,57,30
BEX4,986,706,1185,1300,1103,600,360,761,336,291,321,2
BIN1,946,1380,812,1149,1226,560,1781,45,80,35,33,594
BLCAP,690,702,684,790,749,1024,718,1330,1282,820,882,1167
BLOC1S1,117,181,87,66,70,91,111,327,282,514,529,476
BLOC1S3,140,204,50,106,93,102,145,227,271,335,349,757
BLZF1,409,299,703,629,577,463,457,309,347,230,276,301
BTBD8,151,139,103,78,133,43,192,29,90,58,80,1
C11orf24,133,136,68,138,59,192,231,354,173,487,409,467
C11orf45,185,156,58,181,170,108,84,10,32,58,67,52
C11orf95,296,534,419,546,462,143,412,62,66,118,157,86
C12orf45,315,267,400,274,423,292,207,183,199,200,152,230
C12orf57,977,1339,821,1024,952,413,847,482,386,712,377,700
C12orf65,382,130,196,187,216,171,344,90,86,67,146,53
C15orf41,71,92,169,67,110,79,76,50,14,39,57,17
C1orf162,456,440,318,345,476,576,148,11708,3996,4470,3074,15092
C20orf96,209,239,165,119,288,128,186,37,44,70,90,87
C22orf29,550,390,244,276,240,237,357,98,105,160,183,206
C6orf47,347,410,213,241,271,390,495,612,553,624,571,561
C6orf89,744,879,675,729,836,1181,729,1894,1186,1242,1347,983
C7orf43,289,226,162,181,133,188,452,266,279,352,558,453
C9orf66,41,30,23,31,56,79,29,72,56,134,104,51
CA5B,201,430,155,224,393,196,208,1051,856,1000,586,270
CACNA2D3,0,2,0,0,1,0,0,309,72,223,130,98
CALM1,3894,5289,4838,4178,5079,5557,3623,10479,10760,7597,6695,8247
CALM3,2318,2940,3535,4375,2508,2270,2170,5167,5133,6649,8407,6292
CAMK1,2,12,142,8,49,32,2,1929,564,1807,1498,3326
CAP1,6050,10095,7780,12228,8975,16612,10115,26886,20305,17008,14505,23971
CAPN2,1008,1193,1048,2552,857,562,820,8683,5341,8758,7213,7415
CARD6,289,235,351,305,235,543,385,937,775,411,588,344
CASP1,1138,439,552,440,442,1983,1134,5993,3306,3215,2160,7858
CASS4,894,1034,1003,1052,1027,428,192,508,220,117,131,232
CAST,1391,2047,1135,1344,1602,374,299,8973,7349,8592,8521,3230
CATSPER1,32,30,51,129,34,12,6,344,335,409,306,168
CBWD1,161,102,141,237,115,220,173,473,289,236,368,211
CC2D2A,4,2,10,0,3,5,1,91,146,135,18,78
CCDC102B,31,60,96,37,79,63,73,42,15,9,15,29
CCDC14,378,302,490,427,319,140,210,165,226,222,223,153
CCDC22,546,851,422,380,600,801,745,791,675,954,1151,1016
CCND3,2403,3080,3007,3134,2916,5797,4648,8012,6371,9100,6767,4043
CCNYL1,218,278,549,482,489,667,415,505,778,877,695,607
CCP110,653,445,487,595,659,440,359,336,589,418,369,369
CCR1,7,11,6,51,32,26,18,5232,5390,4268,1626,5687
CD2BP2,705,861,581,812,705,815,807,923,800,919,1174,926
CD300A,1122,1675,1053,629,1279,2652,2600,3203,3113,2599,1442,4859
CD300C,59,50,50,126,35,233,89,1839,2562,2022,1637,2271
CD300LB,89,97,23,32,67,144,61,3060,912,3475,2356,5906
CD300LF,563,942,697,82,809,823,700,2727,3231,1434,1117,3770
CD34,2205,20126,10935,17072,14720,19080,26767,38,11,57,19,1382
CD4,83,299,831,395,205,145,27,8273,2933,9262,5867,15132
CD53,1813,7869,3487,5619,7323,13368,6923,21707,18103,9211,7348,19914
CD55,1325,978,1709,1802,980,1645,1269,5447,3110,2182,1844,4516
CD6,52,274,174,112,181,9,34,2,14,6,9,11
CD63,3248,5316,6236,5834,4386,6433,5318,15675,12068,11696,9531,7262
CD86,169,1163,22,91,1233,369,97,6964,7143,2355,2105,6981
CD93,43,464,490,790,435,688,379,2065,562,4961,4566,3438
CDA,4,3,3,6,4,9,3,495,598,1902,1846,1155
CDC42EP4,36,97,90,181,29,7,25,277,212,422,329,702
CDCA7L,1622,1409,1429,1654,1739,1335,1271,165,452,737,248,269
CDK6,3893,3666,7179,6427,7066,6659,5571,1522,2795,2497,1210,1927
CDKN2A,7,23,3,4,20,2,1,274,107,131,124,22
CDKN2AIP,1923,1364,1682,1019,1312,386,725,750,716,623,782,1550
CDKN2C,276,110,80,389,91,1680,1412,312,592,273,379,538
CDKN2D,114,232,123,313,171,173,197,1206,876,727,516,1052
CDV3,3631,4766,3525,2648,4038,2623,3151,5220,4566,4902,4257,6136
CEBPD,33,341,32,690,303,20,8,2631,1924,2260,2768,2655
CEBPG,717,571,582,579,499,337,438,1376,1421,1035,1190,999
CECR1,399,2544,925,1047,1664,263,78,14384,8332,6920,11197,33827
CECR5,236,487,440,616,442,129,104,763,618,1019,1292,554
CEP57,1055,1017,1643,1671,1969,1011,950,851,1237,634,588,911
CFAP36,641,592,868,712,772,530,492,226,429,311,213,101
CFD,1273,1023,42,4202,351,1478,745,9217,10409,12481,8410,10303
CFP,987,2781,738,2468,1229,2732,1430,7876,6179,9668,5793,17700
CHD1L,1940,2052,1952,1305,2036,1686,1488,562,966,763,885,695
CHMP2A,843,1232,739,763,812,1367,1089,1991,2066,2378,2123,2510
CHMP4B,1038,1615,862,690,1048,1163,1203,2237,1849,4318,4040,5442
CHP1,823,2252,978,2113,2458,2364,1418,7386,7146,4005,3056,4305
CHRNB1,114,176,164,192,215,209,218,393,277,376,383,224
CISD3,225,271,194,181,202,225,192,338,289,500,384,570
CLCN5,38,60,26,18,41,47,22,312,197,173,185,189
CLIC1,6781,13380,7837,8085,10515,11551,10384,20380,18206,20316,17186,16105
CLIP1,271,457,153,115,183,205,419,500,520,1039,821,1377
CMIP,641,1019,538,384,497,465,789,1210,1245,1624,1162,2799
CMSS1,616,351,870,528,476,593,404,103,170,174,198,216
CNDP2,1441,1954,1419,2343,1466,4159,3224,2708,1576,2908,3384,3372
CNKSR3,89,23,113,81,34,46,32,0,6,9,13,5
CNN2,368,5612,1904,3615,3041,2087,1977,4596,4465,5327,5713,6772
CNOT10,788,722,1257,853,965,844,933,495,659,532,434,726
CNPPD1,1541,2010,1507,1580,1664,1350,1965,2533,2194,2441,2031,2591
CNPY3,2237,3473,1261,1631,2173,3330,3459,3635,6094,7711,5122,10590
COL8A2,1,5,1,0,6,9,15,67,6,112,194,249
CORO1A,7706,13705,4952,6525,8257,13967,13443,11287,10005,16142,12447,18722
COX14,309,332,439,448,347,696,319,614,515,500,424,495
COX17,266,220,330,399,253,484,265,654,555,497,439,460
COX5B,1675,1689,1093,987,902,1715,1556,2028,1632,3197,2684,3215
CPXM1,3840,2446,2001,1772,1211,3207,3453,53,395,356,648,318
CRELD2,187,139,114,67,117,265,272,413,294,407,410,323
CRISPLD1,171,199,310,261,277,511,230,8,50,4,75,17
CRYL1,325,324,381,392,279,522,394,1091,662,722,484,928
CSGALNACT2,751,1242,1323,1168,1786,837,630,4787,3954,1764,1277,3733
CSRP1,1354,1335,1409,1702,1083,1232,1183,2893,2426,3547,2730,1739
CSTF2T,916,520,684,896,514,661,544,388,546,451,515,312
CTPS2,513,307,589,625,412,497,491,277,172,387,235,277
CTSB,2663,4824,2199,3757,2989,3246,2323,38857,22623,20303,19296,25966
CTSH,25,316,426,5,183,46,6,8006,6899,7605,4590,6559
CTSZ,2247,3060,1121,782,1340,2024,2190,10523,7380,12358,9868,22550
CX3CR1,62,64,8,38,117,5,11,4845,3017,2385,1550,2922
CXCR4,1388,3371,566,6685,9351,5698,360,12194,12964,8847,11222,17605
CXorf21,442,547,411,867,796,352,739,2011,5234,1333,2141,2473
CXorf23,113,120,128,90,152,108,169,191,214,111,157,219
CXXC5,1062,1116,2328,1238,1358,1015,1498,348,619,181,309,1111
CYB561,928,1085,1233,1402,1041,696,976,373,354,251,86,239
CYB561A3,560,1048,597,997,848,1848,1057,1479,1243,1334,1517,1292
CYB5A,231,121,104,169,115,276,292,215,292,227,266,303
CYBA,4221,5728,2141,3164,2406,8118,7017,8767,8132,11889,11990,13095
CYBB,7,608,19,332,542,482,15,35881,24448,12691,8940,31115
CYP1B1,0,0,3,1,1,11,0,1487,1059,568,1202,3
CYTL1,1324,496,2490,1673,789,1178,229,18,503,24,6,61
DAG1,204,268,151,80,103,145,196,495,362,382,423,329
DAPP1,439,430,511,434,614,794,611,2651,2408,1174,1072,1697
DARS,2280,2161,4006,4539,4152,3424,2020,2499,2206,1371,1203,1254
DCAF12,794,413,704,905,525,525,462,2619,1448,1046,1393,1661
DCTN3,621,1102,552,586,843,847,702,1013,897,1181,1288,1135
DDA1,391,543,364,327,392,412,603,425,448,668,674,570
DDX1,2219,1435,2312,1819,1747,1886,1840,1328,1676,1444,1274,867
DDX10,644,338,448,493,386,484,571,236,211,244,330,464
DDX31,345,182,224,234,198,278,560,93,57,115,173,164
DDX50,1034,945,1632,1374,1361,1190,1120,974,1028,659,656,796
DECR1,902,592,1355,989,691,871,627,1926,1579,1522,1468,1242
DEDD,612,771,665,635,708,688,823,1121,1058,902,730,1391
DEF8,107,335,163,95,191,98,146,433,197,324,551,745
DEPTOR,568,499,1760,853,695,784,402,223,193,95,85,170
DESI1,396,491,299,269,319,365,482,622,604,1106,748,1047
DET1,167,231,177,187,229,138,138,90,38,70,128,110
DGAT2,8,24,81,5,11,20,8,376,125,304,408,38
DGCR2,871,889,593,810,469,1075,908,982,952,1207,1374,747
DHODH,286,179,176,164,190,269,230,87,54,129,163,93
DHRS11,160,277,222,133,236,82,155,26,45,41,17,90
DHRS9,1,99,18,55,62,73,33,912,720,113,1605,630
DHX33,546,241,472,388,313,410,432,175,125,266,341,263
DIS3L,1099,840,1087,953,903,572,689,586,723,794,566,630
DLC1,378,250,272,502,138,390,329,42,83,7,43,93
DLEU7,10,1,21,2,6,2,1,24,68,96,50,36
DNAH14,93,44,137,19,69,39,64,14,17,19,12,0
DNAJC13,649,1136,740,963,1143,1195,1028,2017,1688,1267,1007,1224
DNAJC18,207,260,426,86,407,337,387,50,112,62,68,49
DNAJC27,255,186,171,223,246,68,94,46,92,54,101,185
DNAL1,125,161,224,170,249,132,155,53,121,80,68,71
DNMT3B,891,819,1713,50,878,950,1374,29,163,147,109,183
DOCK2,3522,5576,1995,2470,3521,4299,4037,6120,5302,7479,6049,11617
DOCK8,3393,5339,1615,1879,3756,5591,5570,5454,5106,6725,5206,5278
DOK2,751,814,400,387,389,610,509,4183,2080,1999,1190,5163
DPH2,751,571,546,561,456,845,795,192,232,298,381,208
DPYSL2,90,135,190,164,110,806,967,2397,1539,1326,959,3328
DRAM1,911,397,586,702,552,538,279,2128,1395,1975,848,993
DTX2,173,150,41,85,46,96,232,131,119,303,391,340
DTX4,2,80,23,8,45,1,34,272,514,273,232,28
DYNC2LI1,211,201,305,306,319,268,178,103,155,83,98,70
DYNLT1,183,219,590,528,190,402,321,1653,992,1014,656,1066
E2F4,917,969,659,740,647,918,933,1174,939,1318,1420,1052
E2F6,186,161,262,211,208,121,132,120,164,131,128,130
ECE1,56,174,168,17,91,32,159,884,206,846,685,523
EDC3,841,826,904,662,656,794,1000,362,318,558,604,380
EEF1A1,223159,403327,306948,248381,393452,270198,226571,169247,205590,134575,132100,235848
EGR3,416,380,1020,1219,840,16,125,516,188,74,50,137
EHBP1,533,564,489,357,503,386,695,162,133,249,219,162
EHD4,142,90,271,227,65,209,254,2329,901,1744,1300,2354
ELK3,798,1335,1115,638,1393,920,1184,2464,2117,1288,1176,1910
ELMO1,3749,4269,2168,2390,2699,2440,4023,1325,1439,2170,1592,2401
ELOF1,594,570,336,319,361,431,526,590,538,715,699,872
ELOVL1,1250,971,990,1505,872,1664,1443,2679,2628,1865,1483,1979
ELP2,1332,1373,1825,1393,2100,1352,1315,767,1258,668,656,538
EMILIN2,544,860,272,1603,468,1603,1403,7802,7975,7698,7584,7882
ENTPD1,1,16,55,59,51,47,2,2273,4676,2123,1521,3366
EPB41,1731,2469,4140,1996,2499,1592,1575,1045,1356,1187,1297,1074
EPDR1,730,714,1158,1676,941,2025,945,348,600,137,118,59
EPHB3,20,23,0,10,1,0,16,67,118,121,302,88
ERG,1907,2091,1537,1369,1545,939,2017,10,157,169,52,78
ERN1,151,203,263,149,162,87,185,375,306,481,778,809
ERP44,1288,1548,1838,2277,1713,2377,2030,3789,3719,2915,2030,4544
ESRRA,291,393,242,392,247,619,394,657,464,490,827,528
EVI2B,964,1603,1220,1728,2591,1622,737,14473,18543,5481,5391,17695
EVI5,20,46,58,50,48,22,20,477,372,214,178,322
EZR,1328,4156,940,1922,2058,2137,2017,4680,2619,4970,4952,3442
F3,7,2,8,0,3,6,3,18,42,60,53,20
FAM102A,169,297,209,131,202,92,244,58,93,140,156,108
FAM105A,9,20,4,157,15,7,13,1088,121,572,508,926
FAM107B,116,596,340,224,756,169,455,5569,4556,3254,6980,1635
FAM114A1,9,14,8,27,3,4,15,95,23,37,55,52
FAM117A,1656,2354,1574,2427,2128,799,2089,569,1768,836,867,260
FAM120B,425,232,363,385,372,400,548,393,428,453,535,535
FAM124B,365,541,446,391,713,413,390,88,172,108,31,217
FAM161A,72,46,56,70,73,68,47,13,9,33,19,4
FAM19A2,57,59,140,60,117,146,61,69,44,19,28,30
FAM229B,38,78,155,45,97,102,96,5,6,15,27,12
FAM49A,44,355,122,347,329,204,89,2179,1798,681,822,2543
FAM49B,1265,1834,4150,2644,3112,3198,1702,8148,7770,3967,2456,6143
FAM58A,178,225,132,220,169,205,211,330,280,294,286,330
FAM60A,1739,1631,4197,2563,2583,2215,1268,1154,1406,455,419,1102
FAM76A,103,121,87,176,93,110,147,199,219,163,164,289
FANK1,6,28,26,18,15,20,20,0,8,1,2,1
FARSB,1152,690,1203,1140,848,1309,987,533,457,542,578,451
FAS,255,121,299,448,256,992,200,758,972,579,715,707
FBL,3907,4944,4040,3931,4779,4149,3221,1677,1716,2500,2280,2203
FBXW5,942,1282,640,682,538,1267,1893,1455,1025,2521,2920,2270
FCGR1A,35,331,3,105,288,25,9,1370,653,525,523,1225
FCGR1B,20,20,0,4,13,2,4,276,294,106,94,515
FCGR2A,9,20,101,137,27,38,22,8071,5903,1778,1440,2684
FERMT3,3242,5773,3184,3874,3291,6529,6771,6567,5053,7015,7188,7331
FFAR2,1,0,4,0,0,1,2,168,261,143,54,270
FGR,328,521,294,223,400,626,597,14449,11586,13044,10532,16417
FIBP,909,1513,924,816,1084,1543,1464,1482,1096,1665,2013,1386
FIG4,272,559,535,413,593,683,675,1761,1368,985,840,845
FIRRE,208,57,169,26,105,43,116,6,23,4,13,28
FKBP7,138,93,226,248,187,151,109,82,57,47,50,42
FLI1,2794,3100,2094,3177,2917,2342,2537,3510,3721,3353,3850,4854
FNIP2,244,230,176,203,230,139,96,846,838,416,338,786
FOXO1,33,89,164,464,59,26,196,461,491,224,274,622
FRMD3,9,4,27,4,6,10,10,349,164,514,418,235
FRMD4B,786,772,572,357,701,338,574,378,322,136,144,479
FUCA1,67,222,63,177,194,274,55,1850,1017,1395,1142,385
FUT8,275,240,400,482,236,164,155,168,130,220,201,88
FYN,111,306,368,124,254,386,474,1927,782,773,1031,1941
FZD1,148,146,26,36,62,16,17,463,196,175,233,279
FZD2,0,8,12,8,3,6,13,58,29,121,168,80
G6PD,1341,3135,1969,776,1558,4235,3517,3650,2666,4113,3427,3942
GABARAP,138,258,240,251,338,203,164,748,764,427,425,784
GABPB1,548,475,668,761,654,375,327,248,357,262,320,352
GABPB1-AS1,156,139,153,179,169,156,204,50,87,83,135,92
GALNS,282,487,172,231,226,236,388,344,933,1256,534,712
GALNT3,25,54,1,99,29,71,65,272,411,340,320,269
GANC,258,285,183,335,347,335,326,601,678,473,549,528
GAS5,9221,11163,13680,10709,15901,7469,6869,2749,4138,2133,2004,3653
GAS6,5,42,35,1,62,159,326,107,152,61,163,136
GAS7,812,2983,263,832,1690,2548,1863,4612,5130,4358,3920,5984
GATA2,3477,933,2884,846,1010,1346,2691,22,329,155,162,83
GBA,613,746,385,446,508,797,602,1099,1184,1926,1745,1533
GCNT2,36,2,90,27,3,4,31,119,185,226,323,266
GCSAML,1251,1188,5158,2409,2685,1799,1392,34,594,41,19,44
GDAP2,186,231,268,269,264,326,216,607,482,342,329,576
GEMIN5,592,330,427,547,392,669,537,202,324,234,339,204
GEMIN7,244,208,259,318,246,438,415,368,538,465,372,260
GGA2,1223,1216,706,1364,1147,1046,852,2586,2432,2286,3199,2520
GGNBP2,1068,1147,925,861,1202,1125,1252,1317,1631,1242,1214,1989
GIMAP1,51,58,112,57,100,113,287,1070,451,262,414,814
GLIPR2,753,1790,1941,2364,1518,3162,2242,7711,5705,4526,3280,5518
GLRX,446,358,504,483,555,1206,519,2395,2569,2060,1693,2560
GM2A,636,1315,659,959,1205,1659,1173,5748,3255,4039,3513,2915
GMFG,2308,4100,3553,4545,4525,3834,2908,7355,8300,6067,6533,7296
GNAI2,5891,12799,8013,7808,7958,10870,10640,23602,18959,21729,18205,38701
GNPDA1,238,206,394,691,247,237,38,1761,907,1035,899,857
GNS,1117,1762,1419,2337,1973,3750,1653,25257,17473,7420,5053,13259
GPALPP1,366,447,522,487,483,449,509,368,410,350,323,323
GPD2,525,499,949,762,654,760,454,1874,1385,915,775,1187
GPHN,46,74,121,114,90,202,266,6,50,7,17,2
GPR108,612,1317,380,546,874,771,856,1405,1062,1754,1883,2518
GPR160,54,35,22,55,115,73,10,747,426,502,438,263
GPRIN1,7,4,4,1,1,2,4,42,0,54,29,30
GPRIN3,34,19,17,25,22,1,6,574,589,108,294,710
GPSM3,1464,3090,1669,1570,2021,2852,2433,4596,3133,5471,4842,6058
GPX7,467,605,525,858,504,468,447,183,246,368,399,46
GRN,1324,5436,1172,2415,2330,4049,3282,31505,26354,73923,70983,25585
GRPEL1,755,645,527,536,433,354,320,987,799,854,845,1145
GSK3B,667,890,785,487,810,742,580,985,1094,923,811,1175
GTF2I,975,939,947,785,858,1178,1032,484,500,696,702,507
HAGH,184,357,115,161,218,194,279,426,446,580,465,882
HCAR2,522,963,22,95,1226,36,47,1807,2294,3790,2397,2220
HCCS,323,259,222,326,267,327,244,676,836,329,371,499
HCK,328,1410,717,139,732,2805,2141,10462,6209,7804,5758,19426
HCLS1,3068,3797,3238,1914,3173,4620,2925,10886,6123,8163,7012,15594
HEBP2,1051,1046,1134,529,1025,1098,1387,2459,2776,2305,2047,1448
HEMK1,520,613,340,327,529,685,948,171,237,215,247,179
HEXB,772,1337,1226,1975,1698,1409,820,8158,8234,5745,6113,3960
HIST1H2BL,47,56,17,16,48,4,2,0,8,16,9,21
HK1,1430,1825,2417,1372,1230,2641,3386,5032,3612,3367,3510,6186
HK3,1,0,5,4,4,30,4,7068,1813,4078,4684,3978
HKR1,446,219,296,480,211,203,468,53,112,112,205,122
HLA-B,18738,32377,13681,18900,20891,26896,14887,54978,57856,58233,87046,146175
HMG20A,681,592,881,1000,704,799,590,668,536,380,489,556
HMHA1,2953,4906,870,1409,1614,2382,4346,3095,2690,6685,8402,6954
HN1L,923,969,1266,1401,1253,1100,959,634,747,852,739,276
HNRNPA1,27891,24599,31353,34026,31589,19256,15255,9044,11968,13965,14187,15799
HNRNPA2B1,9163,8880,9762,8437,8747,8292,7998,12296,9661,14960,13365,13945
HNRNPH1,4860,4916,3161,3258,3204,2596,3861,1934,2199,2976,3507,2564
HNRNPH2,1173,1124,958,982,1119,1234,752,1895,1860,1279,1137,1644
HOMER3,13,418,12,22,299,57,49,623,891,917,1494,818
HSD17B7P2,119,27,91,49,69,9,80,10,23,0,1,0
HSD3B7,12,42,65,24,21,39,76,804,310,545,335,18
HSP90AB1,61434,48015,42931,24573,40018,31448,33938,12089,24470,19703,18307,31418
HTATIP2,530,202,607,367,278,620,118,1405,1757,1603,1252,102
HVCN1,54,161,76,491,163,139,117,2370,2606,1599,1165,1494
IDH1,1056,1254,1212,1203,1251,4993,1510,4765,5107,2584,3188,1488
IDH3G,654,845,511,553,520,863,794,1045,868,1399,1299,2204
IFNAR1,371,299,718,837,726,1099,542,2586,2860,930,918,1430
IFT46,355,384,416,342,288,422,486,163,222,234,260,93
IFT80,198,210,354,162,444,130,134,80,105,31,48,52
IGF2R,88,523,91,44,292,57,70,5548,3330,5457,3324,87
IKZF1,2762,2671,1233,1515,2254,3848,2847,3693,2851,3273,4445,5105
IL17RA,94,553,204,830,289,66,51,2752,2824,5345,5956,4632
IL1B,971,151,1578,3667,331,207,1322,12793,16009,4020,1705,10067
IL1RN,11,19,3,12,20,6,2,2360,1187,1513,1437,2429
IL27RA,878,1351,577,1000,737,896,1036,2176,1252,2549,1946,914
IL4R,494,169,124,412,119,504,602,1367,1560,1386,1170,1307
ILF2,4058,3844,4165,3291,3150,3437,3191,2477,2361,3440,3256,3381
IMMP2L,237,237,294,161,312,236,186,87,125,56,58,108
IMPA2,767,962,516,1353,691,1713,1250,1367,1539,1497,1316,1326
IMPDH1,1043,1242,616,1250,694,1070,1187,2674,2182,2230,2522,2238
IMPDH2,9120,10047,8435,4620,9330,7620,6103,1089,1902,2615,2022,2104
INPP4A,399,538,334,412,513,560,613,1237,1019,765,763,1286
INTS7,1054,467,969,949,680,988,897,484,470,409,478,341
IP6K2,1099,1137,979,773,978,774,1168,410,576,512,630,1062
IPCEF1,12,14,23,2,3,2,10,229,185,59,323,581
IPO13,414,548,305,361,351,922,777,578,577,568,691,376
IQGAP1,1214,4452,3222,5313,3331,2072,1119,25172,21155,18500,12035,12720
IRF2,710,703,618,879,701,822,811,1516,1456,905,926,1788
IRF4,19,9,4,22,4,0,2,131,136,17,33,167
IRF8,43,556,17,279,430,687,925,3967,1852,2541,3540,6714
ITGAM,433,2876,813,53,1541,3514,2417,10406,12297,9283,6502,11371
ITGAX,757,807,255,180,365,2099,986,1431,2316,4415,3476,8365
ITGB2,5287,13779,2906,3063,6557,13548,6000,41068,38489,52705,45889,74628
ITPK1,1281,1840,673,627,1038,1346,1494,2839,2283,3961,4079,4815
JAK2,363,482,944,821,781,640,426,2486,2315,888,927,2308
JDP2,545,513,105,228,190,1117,346,1109,523,1057,532,1612
KATNAL2,23,34,23,19,42,18,19,6,14,5,15,7
KCNE3,562,383,178,619,426,529,457,2086,2420,1770,1785,2951
KIAA0040,365,177,209,464,110,255,423,1113,1044,887,1188,382
KIAA1549,258,322,194,306,169,160,367,3,59,87,39,48
KIAA2013,628,777,550,873,426,1181,868,1544,1655,1421,1275,1483
KIF5B,1676,2014,2103,1462,1944,1696,1644,3751,3287,2648,2119,3193
KLF4,4967,6341,5533,1268,6072,922,3680,14102,15196,22645,24793,53844
KLHL13,83,82,77,134,121,396,378,16,29,1,12,32
KRT18,551,1333,2014,2190,1253,401,65,59,121,335,45,3
LAMTOR2,515,684,440,465,476,999,664,948,829,1326,1158,1369
LCMT1,459,656,626,554,701,656,620,473,401,512,431,515
LCP1,16955,36720,22416,19321,30890,37218,27110,99888,96003,70400,56078,89309
LFNG,178,567,382,73,397,583,497,1838,1468,728,797,3120
LGALS3,34,138,58,257,129,48,10,12139,6224,3436,4091,5275
LILRA2,665,214,71,286,260,123,27,5489,3308,5109,5165,6600
LILRA6,0,2,1,5,4,7,2,1488,723,650,446,1986
LILRB4,3,1,0,41,0,17,31,2858,1653,2171,3024,3966
LIMA1,599,262,706,427,278,549,624,183,176,151,120,215
LMAN2,1694,2569,1112,1658,1573,2673,2286,2860,2578,4109,4249,4090
LMF2,710,879,271,496,419,787,1084,830,719,1022,964,873
LMNA,1140,8264,614,1737,1760,834,899,21151,11343,12749,12110,4494
LNP1,9,10,30,25,13,15,20,0,2,5,9,7
LPAR4,42,64,60,105,104,41,36,6,15,15,50,2
LPAR5,38,20,62,79,53,5,19,2,6,34,31,20
LPCAT3,733,1172,1048,917,1143,1835,987,2389,1828,1659,1392,1507
LPIN1,1561,1462,1448,983,1587,2648,3000,293,508,364,364,348
LRP1,5,20,0,19,1,46,9,4073,1276,4001,3836,10258
LRP12,158,235,439,319,330,196,151,72,175,5,11,120
LRRC8D,617,583,1406,1060,868,899,1065,1666,1760,1274,1250,1314
LTBR,1003,1732,553,800,867,865,1349,2586,1579,3023,2024,4028
LYRM1,1012,739,643,452,1194,1895,1070,396,808,320,220,313
LYRM7,299,278,688,409,595,556,323,277,285,166,181,108
LYZ,563,421,1167,12618,760,3987,286,818770,1020049,426828,481017,280358
LZTS2,838,1272,399,565,626,500,764,285,87,368,272,121
MAD2L2,347,336,180,357,271,272,287,514,348,694,689,766
MAFB,6,27,8,18,41,22,5,10502,4661,3741,2384,15020
MAGT1,667,798,1210,907,851,1777,1025,1567,1637,1365,997,1374
MAMSTR,12,6,6,10,20,11,19,3,0,5,3,5
MAN2B2,795,1522,436,726,711,1089,1341,1272,842,2492,2443,1658
MAP2K3,1770,1839,951,1277,1067,1652,1932,1740,2104,2133,2234,3101
MAP3K3,576,1045,443,746,681,725,972,2520,1989,1800,1531,4401
MAP7,1091,1502,1720,581,1586,1120,1053,202,387,230,141,104
MAPKAPK2,1538,3224,1035,2104,1871,3268,3095,2637,3006,3377,3362,2588
MARCKS,7,4,840,1,17,23,2,2708,514,1401,377,2422
MAST4,604,471,219,160,258,204,504,13,29,15,43,46
MBD2,984,926,630,919,760,851,905,3573,2128,2357,1913,6229
MCMBP,1118,1079,1193,2407,1358,849,635,3558,3190,2437,1717,2015
MCTP1,440,562,405,264,889,658,295,2405,2294,1007,1184,1725
MCU,147,132,426,354,178,183,123,719,604,386,603,323
MDM2,1045,491,570,503,629,1550,361,3371,2227,1175,1152,1394
METTL21B,130,124,131,164,156,155,167,69,118,46,51,48
MFGE8,638,510,748,591,343,523,152,638,83,164,219,6
MGAT1,1407,2294,1514,3798,1765,5557,4422,11453,8079,5414,4913,8423
MICAL2,280,453,445,137,354,79,233,1621,1507,1868,1018,716
MICB,251,184,223,476,246,198,224,601,538,692,612,948
MICU1,760,703,1135,867,666,755,824,1533,1243,1521,1647,2447
MID1IP1,1852,1823,667,1502,1369,770,1214,2033,2948,3819,4081,4780
MIEN1,435,520,453,319,433,401,398,785,533,769,726,1034
MINK1,304,400,162,87,133,225,483,396,234,747,899,863
MLC1,4380,3354,4899,4229,2594,5371,3431,72,1323,269,443,754
MLEC,2162,2866,2432,1995,2409,3940,2435,1319,1754,1388,2171,1128
MLX,923,954,852,1431,1121,1385,1263,3236,2954,2262,1688,2745
MMP2,1416,1340,201,2083,687,1137,1287,183,169,52,9,12
MMP25,0,0,3,15,4,4,1,45,45,178,87,79
MNAT1,151,99,262,218,208,139,140,95,96,98,120,69
MON1B,681,660,534,805,504,904,785,851,859,846,1210,1161
MORN4,1,65,64,36,59,102,119,2,0,17,20,0
MOSPD2,149,199,224,313,281,313,190,719,939,377,431,495
MPC1,251,293,604,536,461,608,361,1208,1126,765,513,927
MREG,3,114,56,102,104,189,157,0,0,2,6,19
MRPL14,329,129,242,303,157,271,134,423,342,505,390,511
MRPL28,642,670,561,574,475,753,801,700,716,1082,1127,974
MRPL33,644,938,767,794,1112,1150,726,2180,3119,2881,4072,1429
MRPL45,1102,1233,1293,1332,1656,1448,1072,806,986,643,695,632
MRPL57,965,822,825,1077,840,1101,981,612,707,893,753,686
MRPS25,841,693,957,668,900,781,559,393,506,621,587,654
MRPS30,949,682,1253,1063,1042,1202,1150,795,863,508,516,537
MRPS31,628,494,794,516,838,469,475,375,616,335,291,303
MRPS9,470,352,461,392,382,555,448,242,258,313,371,277
MS4A14,1,15,1,2,6,0,4,681,265,192,408,777
MS4A6A,0,41,26,312,74,186,38,23621,14083,8304,8368,14821
MSH2,1124,827,1421,1551,1368,853,788,219,437,633,377,307
MSI2,3317,2804,4123,662,4803,1319,1400,42,1114,233,143,183
MSL3,344,470,676,543,632,616,447,1493,1471,582,736,1303
MSN,12594,33181,22638,25158,27925,28240,23210,42715,37700,34786,29097,57240
MSRA,446,485,325,325,353,426,401,626,356,757,576,595
MTHFD2L,119,167,309,290,350,196,138,88,102,78,68,100
MTMR1,435,375,368,493,416,876,532,296,345,380,294,310
MTMR14,835,1154,1172,1257,1006,1397,1287,2543,1938,2364,2222,2355
MTX1,194,223,146,227,159,251,222,388,268,577,505,195
MVP,747,1778,793,828,959,1905,1612,4994,4126,5428,5823,4153
MYB,4700,2834,4360,3407,4688,891,2231,1139,1701,2056,4407,295
MYCN,140,127,332,84,164,102,115,0,83,11,7,14
MYL12B,3934,5253,6633,7047,5520,6801,5241,10617,9749,7211,5476,10392
MYL6,4110,7735,6088,4405,4484,5854,5861,13587,9295,15865,11124,16473
MYO1E,2,2,55,9,0,30,10,437,99,330,72,146
MYO5C,212,174,100,187,117,159,677,0,8,5,2,55
MYO7A,3,6,3,0,0,6,0,144,18,108,101,167
MYOF,17,266,15,5,98,1210,808,1484,1257,920,506,3204
MZB1,258,230,437,227,174,669,2022,3,36,20,38,123
NAA15,1257,854,1096,932,1086,824,962,705,683,571,784,789
NACC2,14,174,74,214,63,41,90,1022,835,745,1186,708
NADK,606,556,434,1184,473,1054,759,2914,3094,2247,3064,3701
NAF1,268,176,259,258,212,170,162,114,203,98,130,126
NAGK,318,608,183,782,315,368,359,1703,1866,750,926,3177
NAPSB,6,326,3,20,145,1010,1149,2150,538,5400,5383,1901
NBR1,1465,1509,1856,1467,1845,1905,1698,3518,3629,1977,1810,3215
NCALD,99,231,118,155,228,358,137,195,12,11,23,2
NCF1,41,29,46,100,15,63,39,1078,1522,5291,2083,4097
NCKAP1L,3731,6002,6231,4641,5719,6978,5878,11665,8534,7460,8367,7952
NCOA4,7845,10765,17327,11453,14480,8896,4940,21189,31232,19131,22263,14775
NDUFS2,1215,1358,1122,1332,1100,1603,1373,1948,1575,2448,2341,1564
NEK1,230,240,349,189,228,284,355,133,187,210,169,117
NET1,1559,1256,3296,1481,1180,993,1715,117,463,333,178,983
NFATC2,1082,1022,394,446,560,306,801,19,71,204,208,277
NFIL3,649,1447,824,499,2128,1698,1199,5628,8575,4373,2570,7981
NFKB1,1315,1252,1087,1194,958,943,1053,1778,1463,1840,1647,1725
NFKB2,280,219,158,94,117,36,154,340,434,743,671,844
NFKBIA,5593,7748,7964,5695,4753,2725,4506,13692,18840,13513,12015,35901
NFXL1,340,170,285,236,221,186,244,136,81,137,151,176
NHP2,1608,1310,1375,1383,1131,1943,1362,582,625,1083,1088,1059
NHSL2,20,498,119,74,257,145,548,953,1105,1435,2433,766
NID1,17,32,10,631,11,7,4,1746,3168,2435,1773,1426
NKD1,59,41,15,5,38,11,21,14,0,4,4,3
NKG7,454,1079,162,304,771,680,1054,1717,1599,5984,4225,6043
NLRC4,4,20,27,29,34,48,5,1080,863,335,349,899
NLRP12,37,57,23,10,39,28,39,992,960,1130,1050,646
NOC3L,248,125,385,414,240,348,236,155,119,88,184,139
NOL11,1072,688,1665,1597,1192,1237,1117,588,704,344,489,406
NOMO2,130,181,108,157,101,247,197,263,203,412,335,138
NOP58,2143,955,1702,1840,1437,1159,1171,525,753,823,858,613
NOTCH2,1320,1470,1017,1257,1236,1591,958,4124,4391,2117,2633,5531
NPL,28,20,123,12,32,39,16,1889,909,455,505,1221
NPM1,21879,25087,27284,23076,33065,14973,13262,8041,12439,8525,6536,11976
NPTN,296,363,459,742,532,557,302,2881,2871,1388,1036,1866
NR2C2,607,576,672,689,838,504,426,418,657,240,338,495
NRGN,70,93,177,234,37,52,26,1706,845,3250,1268,2139
NTNG2,237,263,105,170,139,28,12,11,24,66,44,10
NUAK2,2,23,4,0,10,1,2,136,89,130,199,432
NUBPL,120,102,259,218,152,192,100,75,92,66,59,30
NUMB,934,1556,865,1223,1228,876,1196,4262,4382,2838,2296,3013
NUP153,2202,1279,1099,1552,1205,722,1158,668,975,686,882,1203
NUP35,224,94,207,261,145,108,129,69,89,77,102,66
OARD1,670,748,863,809,1153,626,573,666,755,483,456,524
OAZ1,6312,9771,10044,6572,7792,9498,6914,25622,19568,23680,24638,30188
OBSL1,1422,2665,724,748,1062,194,207,139,127,415,79,1
OGT,1570,2042,1174,1515,1194,1292,1423,599,675,419,822,785
OLMALINC,75,81,68,24,55,10,84,5,11,37,23,7
OPLAH,2,19,26,1,6,5,12,83,57,100,174,65
OPRL1,120,323,86,170,140,645,378,341,398,272,233,321
ORMDL2,418,371,541,632,562,875,410,1094,1077,635,641,630
OSBPL3,686,479,902,923,735,628,519,325,384,171,192,494
OSTF1,575,853,681,1244,900,853,605,4085,4414,3116,3019,3121
OTUD1,138,144,230,296,211,130,190,3001,2190,1825,2681,6993
OXA1L,2149,2595,2380,2740,2972,2915,2132,4026,4494,2805,2885,3819
P2RX7,270,252,132,174,281,157,147,1072,1153,822,1169,1805
PAICS,3633,1388,3419,3071,1794,2470,2232,612,824,1308,994,970
PANK4,171,91,100,211,98,146,231,290,200,327,319,296
PANX1,241,138,133,291,145,378,234,566,359,386,398,386
PATZ1,1604,1316,1243,1135,1184,1301,1765,469,529,703,705,644
PCF11,907,901,580,502,588,514,1609,839,1311,1132,2001,1383
PCGF1,182,186,162,153,170,153,233,268,247,376,371,269
PCOLCE,10,32,4,2,3,1,11,38,14,90,55,34
PCYT1A,506,619,766,912,663,1339,907,1501,1001,923,1049,907
PDE4A,2,23,18,11,11,21,68,590,215,776,374,366
PDIA3,7238,6184,8887,6670,5090,6947,6454,9265,9186,8895,7669,12165
PDIA5,338,268,472,243,251,342,385,147,149,253,241,185
PDLIM1,3803,7249,4163,2794,4716,5489,10750,1974,4412,1812,1329,2136
PDLIM2,367,745,354,136,404,447,621,615,543,803,684,1087
PDP2,86,80,81,37,63,41,92,34,21,35,53,14
PDRG1,450,329,534,361,310,349,418,245,176,260,266,263
PECAM1,2781,8123,4064,3502,5699,17487,11995,11216,14099,18804,14907,31804
PECR,0,4,55,23,0,4,2,160,32,150,182,78
PEPD,419,684,613,1161,567,676,590,1597,794,1234,1337,1340
PGM2L1,248,357,487,409,671,282,178,194,279,80,82,54
PGP,181,145,135,200,88,133,131,346,283,486,442,480
PHF14,1134,1030,844,752,1199,609,919,360,536,510,496,536
PHF2,457,638,187,177,249,263,371,601,470,917,719,882
PHTF1,516,512,512,625,503,660,678,236,466,246,231,225
PI4K2A,16,101,96,39,56,60,55,517,336,225,204,169
PIAS1,765,792,877,1455,1098,616,716,2089,2036,1033,1325,1524
PICALM,1578,1849,2360,3696,2809,2015,1525,9766,8843,3588,3597,4921
PIGW,227,113,216,264,195,161,130,91,62,76,87,61
PIK3AP1,1643,2782,1026,2565,2548,3936,3475,7304,6673,4328,3132,12521
PIK3CD,1082,1580,993,840,1111,1443,2880,2155,2025,3128,4836,3188
PIK3R5,639,967,581,208,584,1620,1749,1548,948,1256,1207,2732
PILRA,28,40,17,52,21,30,27,3300,2453,4299,2113,7910
PINK1,281,1054,428,287,792,466,655,1576,1181,1108,1064,1105
PITPNA,734,945,818,854,1021,944,890,1761,1460,1444,1414,1466
PKD2,445,396,749,371,409,263,325,179,274,78,175,107
PKIG,394,397,568,493,617,657,448,106,110,115,111,44
PKM,12131,11670,15385,13204,7760,10295,8833,30031,26574,45961,49621,20336
PLA2G15,279,268,239,331,162,525,460,1195,860,879,783,972
PLAGL1,640,794,888,1046,857,1059,837,272,469,352,215,419
PLB1,141,278,124,120,170,427,109,1093,457,1645,775,2436
PLCB3,263,176,124,160,63,95,317,298,200,493,427,550
PLCG2,1113,1296,711,393,833,1394,1141,1149,1338,1935,1846,2781
PLD2,3,81,42,51,37,12,32,367,175,237,249,247
PLEC,917,2811,154,367,413,657,3738,2559,1546,7018,7678,7549
PLOD3,499,1248,404,661,597,1308,1688,1488,1077,2123,1305,1389
PMS1,507,278,861,711,681,607,462,272,436,181,172,181
PNPO,160,112,163,140,103,278,189,226,155,297,262,267
POLD4,94,201,90,102,150,142,159,303,231,303,282,232
POLI,227,216,266,252,301,167,309,211,202,132,179,229
POLR2J,307,369,128,202,219,271,299,397,304,566,468,651
POLR3B,277,159,165,155,167,103,102,93,57,103,182,71
POLR3G,70,25,55,114,65,78,18,22,18,9,4,12
POP4,355,334,326,350,338,530,463,575,476,511,549,539
POR,417,538,292,381,281,523,642,1528,1206,1106,1159,2237
PPARD,9,29,19,19,18,7,24,155,35,128,203,345
PPOX,220,240,282,274,263,329,317,144,164,148,171,87
PPP1R11,1124,1666,1401,1079,1215,1238,1448,1953,2054,2386,1633,3082
PPP1R14B,633,714,517,941,566,774,656,356,286,487,475,522
PPT1,2344,3868,7638,9876,7917,15408,4137,28529,16801,11839,12824,20289
PPT2,238,295,168,234,267,429,360,35,50,94,68,51
PQLC1,713,672,995,539,473,726,757,1154,1061,1155,1113,1274
PRDM11,573,612,336,262,400,289,448,64,78,221,148,101
PRDX6,4459,3486,5665,6667,4244,7047,4229,3155,3951,3268,2001,3421
PRELID2,261,148,236,538,195,359,154,18,72,31,34,0
PREX1,1111,3514,867,716,1588,2709,3039,3190,2500,4178,4132,5622
PRKACA,625,1043,526,409,657,650,898,2839,1653,2832,2375,6352
PRKCB,1833,3294,3618,5274,3265,2031,1726,5854,6495,5558,6743,6205
PRKCD,1345,1565,543,588,709,1819,1378,3401,2176,5333,4123,4806
PRKCH,543,514,561,1091,473,715,889,141,140,24,60,118
PRKCQ,799,703,1051,723,657,474,1187,16,102,57,50,64
PRR5,372,276,285,63,139,241,416,3,36,17,19,133
PRSS2,30,47,65,0,55,39,203,0,2,0,0,1
PRSS57,4240,7472,4932,5025,3885,9569,10117,70,732,1522,1258,308
PSAP,4958,6844,9493,8258,5788,10649,4512,125164,90194,75812,54108,236324
PSEN1,1471,1444,1337,2216,1705,1736,1486,5700,4984,2376,2484,2652
PSMB8,1654,1046,1464,1802,1014,3004,1845,1916,2169,2493,2711,3318
PSMD7,1375,1014,1482,1682,1018,1842,1291,2568,2045,2195,2502,1698
PSMG1,649,312,784,939,501,644,572,266,390,402,224,279
PTAFR,106,425,221,39,308,2158,377,6785,4993,3893,2780,6438
PTGDR2,150,97,146,316,133,91,41,0,42,3,3,74
PTGR2,35,80,62,50,132,52,34,29,33,9,10,30
PTK2B,2730,3709,1542,2036,2817,3526,2741,3031,3422,3709,4705,3542
PTPN12,781,1189,1121,694,1209,548,1035,2318,2833,1613,1531,2745
PTPN2,732,774,966,750,893,715,771,2389,2227,1073,917,1679
PTPN9,771,1092,1232,769,1067,848,713,1838,1555,1582,1248,1671
PTPRE,467,1452,222,587,910,181,325,2028,2853,1412,1555,3539
PTPRO,3,23,3,39,4,96,13,771,794,111,194,893
PWP1,1146,1021,1556,1384,1204,1286,1206,875,877,822,794,650
PYCARD,962,2080,689,517,1181,2674,2020,3054,2874,3577,3420,3755
QPRT,286,242,178,173,169,218,180,51,74,76,73,84
QSOX1,1549,2854,1834,1429,1864,4257,2782,7088,3190,4788,3953,3700
RAB1A,1128,1177,1596,2182,1770,1667,1078,3568,3810,2203,1824,3540
RAB27A,278,853,192,785,1270,599,371,3832,5344,2638,2286,980
RAB29,221,477,289,741,581,530,424,1512,1290,1239,959,614
RAB2A,796,868,1147,1405,1036,869,483,2586,2013,1406,1555,1783
RAB31,74,44,521,157,53,12499,4901,10696,6676,2715,1546,4322
RAB35,1007,875,745,1013,638,789,867,1501,1260,1506,1520,1422
RAB5B,815,1335,1335,1419,1324,1817,1458,2717,2669,1545,1277,2052
RAB5C,429,701,521,681,556,796,522,1812,1408,1110,841,2777
RAB6B,96,245,89,330,221,17,2,6,3,3,9,8
RAB7A,2994,3637,3888,3051,3194,4737,3801,8736,6714,7116,6089,10270
RAC2,7705,13218,7063,6787,9452,15985,15333,11809,12657,18703,15493,16376
RAD18,346,245,454,495,441,276,208,221,282,222,179,207
RAD54B,15,12,30,27,14,9,9,3,2,7,2,3
RAF1,1645,1526,1725,1662,1270,1612,1622,2139,2340,1705,2110,2699
RALB,1967,2111,3207,1560,2760,3731,2766,7211,6789,4444,3491,4844
RASA3,979,748,1207,220,591,491,974,1360,1429,1252,1553,2584
RASL11B,18,20,12,10,28,4,2,0,2,0,5,1
RASSF2,1011,1689,1017,1395,1250,1481,1271,6354,5621,3010,3182,3570
RASSF4,73,114,24,84,60,70,19,2469,704,4255,2936,3671
RAVER2,754,682,1212,562,775,609,601,26,104,168,101,190
RBBP7,2028,2234,2564,2755,2251,2388,1851,1725,1757,2305,1562,1768
RBM12,2263,1811,1820,1844,2053,1360,1405,1319,2057,1051,1180,1309
RBM47,0,246,21,58,167,32,13,2437,2367,2442,2395,2758
RBMS2,288,464,269,250,397,285,228,308,89,119,119,166
RBMX,6820,6587,5466,4924,6383,4695,4656,2948,2749,3540,3140,4725
RCL1,522,337,459,409,456,396,301,119,124,128,174,192
RCOR1,1085,1604,1151,1134,1621,716,809,1766,1754,1579,1528,2063
REEP5,326,475,708,1874,559,191,142,2570,4254,2019,1653,2947
RFX5,1334,1808,1337,1132,1661,1463,1849,908,860,899,1268,1367
RGS19,858,1629,913,1033,1222,3432,1733,3573,3303,3628,2639,4653
RHEB,627,422,691,880,566,427,342,1311,1221,882,849,1089
RHOQ,271,357,604,488,604,589,258,2155,1777,751,702,1285
RIMKLB,581,1274,503,498,1240,209,511,58,66,224,164,536
RIMS3,9,28,21,15,20,5,12,13,3,6,6,7
RINT1,252,146,330,427,282,370,306,191,176,120,166,98
RIPK3,192,197,126,19,145,193,243,324,326,344,346,358
RNASE6,15,141,72,251,138,66,16,6649,4131,1423,1054,2425
RNASEH2B,1412,1707,2026,2215,2659,1716,1434,1120,1585,1286,1119,1310
RNF111,797,674,738,557,756,481,859,1001,912,652,913,1109
RNF144A,749,801,676,710,1025,1495,840,221,363,110,31,59
RNF166,600,1006,371,849,487,843,894,1360,1272,1783,1370,1771
RNF181,628,752,693,834,737,907,716,1258,1221,1093,1096,1929
ROBO3,121,193,192,305,80,48,90,38,9,30,139,65
RPL14,19897,22114,27846,24380,27446,19771,14377,15196,17283,12577,10507,20146
RPL17,85,96,103,83,74,71,61,34,59,60,50,87
RPL26,9349,10577,10635,8008,11573,6135,6276,6118,7247,4863,4363,8497
RPL32P3,159,117,106,52,83,37,123,24,42,37,74,86
RPL7,27992,33246,60362,30097,47856,23723,19265,23817,27254,18697,15374,21100
RPL9,25874,45875,42667,26925,49415,20937,21619,22703,22202,15302,14410,23511
RPS3A,41241,61523,59862,43963,71959,38948,32040,28572,35857,22464,16503,28307
RPS4Y1,5545,6741,3,4250,6489,1,30,0,57,0,59,0
RPS6KA1,2092,2609,2150,1647,2153,7124,4413,4814,4872,4346,5021,3641
RPS8,49397,62046,54526,46635,63346,47297,38100,29552,30063,28166,24105,39265
RPSA,20451,26806,32641,26522,32557,21943,14807,8294,8721,10110,9682,8560
RTCB,1173,1064,1176,1481,1264,1702,1269,1950,1453,1749,1706,2341
RTTN,259,173,282,287,270,203,258,88,101,106,125,80
RXRA,377,978,301,10,475,276,650,1463,1942,1795,2365,3274
S100A4,4395,5565,5188,4936,5631,9994,5804,48355,36746,34315,23417,35482
S1PR3,3,0,0,8,1,1,1,202,319,589,899,221
SAMHD1,504,1792,625,1100,1400,4053,1598,32857,22621,15299,8022,20230
SASH3,1488,2781,1065,1384,1576,2596,5480,3738,1974,3407,3041,3998
SCAMP2,1823,2594,1239,2190,1808,3305,2208,3308,3128,3042,2394,4025
SCIMP,2,14,17,28,27,44,10,2647,1813,1476,958,4605
SCPEP1,61,320,204,1043,213,748,100,12564,12283,15201,10612,6878
SDC3,1,1,0,4,0,0,0,216,20,107,36,174
SDF2L1,186,96,71,88,69,150,151,218,140,431,382,566
SDPR,1096,493,584,29,897,214,44,13,89,21,23,9
SEC23B,946,707,836,1203,799,1561,863,2925,2170,2799,3088,1097
SEC24A,383,390,514,443,420,379,352,772,738,488,572,718
SEC61B,623,745,1003,1005,837,1110,806,1461,1328,1284,1290,1318
SELPLG,2983,2883,1792,1953,1478,4484,4359,8502,10261,12486,7826,11000
SEMA4A,128,2221,405,164,1126,156,239,2442,1435,2984,2038,5504
SEPW1,1032,923,1190,713,643,672,911,1437,1080,1367,1199,1165
SERF2,5722,6786,6063,6104,5489,8047,5868,11256,9000,11912,11508,14118
SERPING1,1612,501,1675,1417,507,1330,1639,69,112,331,87,711
SETD7,31,436,237,219,390,76,95,1671,1918,931,727,1074
SETX,2070,1936,1556,1211,1941,1309,2437,2081,2432,2488,2816,3583
SGTB,109,102,218,94,129,64,69,545,392,207,215,532
SH2B2,71,57,17,13,11,4,15,184,96,336,386,549
SH3BGRL3,6840,9434,5734,11200,6208,10962,11898,23347,19337,18736,15659,46200
SH3KBP1,1191,3372,580,547,1723,1243,2032,2760,2616,5699,4777,6187
SH3PXD2A,644,804,291,193,317,95,235,46,42,141,80,110
SHC1,460,658,520,838,639,866,700,1514,1275,1391,1628,1381
SHF,95,68,146,280,90,54,193,13,29,64,29,15
SHKBP1,1394,3544,1302,1802,1933,2375,2321,3001,3243,5599,5822,4749
SHROOM1,4,2,18,3,3,2,2,27,9,22,24,26
SIGLEC14,39,42,18,13,38,319,62,912,520,976,796,2418
SIGLEC5,28,16,9,2,11,21,13,61,26,98,35,112
SIGLEC7,6,5,0,12,13,4,1,626,683,745,274,878
SIGLEC9,3,3,1,33,1,11,1,1105,627,766,747,1716
SIRPA,694,868,189,217,529,529,437,3789,2458,4277,3475,3626
SIRPB1,36,5,1,2,1,21,1,5764,3059,3243,1832,4929
SIRPB2,64,207,4,141,181,22,4,2512,2512,2755,2587,3028
SLA,609,418,640,997,381,796,603,3380,1177,1712,2564,3176
SLC12A2,323,249,272,467,289,402,367,135,170,80,61,74
SLC12A9,208,564,427,465,306,100,195,1544,1121,1674,1853,1480
SLC15A3,14,81,68,25,38,16,11,1770,1194,1200,1097,4528
SLC15A4,220,276,296,466,468,417,228,731,550,379,473,607
SLC16A3,496,1012,509,153,437,802,1519,5361,3229,4342,3300,2540
SLC16A6,0,1,0,0,1,0,0,99,11,111,23,141
SLC1A3,2,5,4,52,11,281,13,747,155,295,345,135
SLC1A4,386,455,304,1276,365,71,182,1234,1313,1839,2951,1357
SLC20A2,338,313,403,369,367,477,324,304,196,282,285,154
SLC22A15,2,50,491,1,59,145,193,1032,699,769,1365,194
SLC23A1,12,7,3,8,10,9,56,0,3,0,0,3
SLC24A4,146,179,56,31,232,34,18,1238,1231,571,533,1107
SLC25A26,365,372,471,394,441,565,320,268,234,196,209,194
SLC26A6,112,124,96,104,69,76,117,368,348,346,368,317
SLC27A1,291,404,223,351,254,278,415,364,482,404,376,464
SLC27A5,130,90,68,137,114,150,88,37,29,45,39,57
SLC2A6,27,110,121,174,63,42,192,183,255,449,472,743
SLC35F2,625,142,462,613,288,512,494,192,170,220,124,124
SLC36A1,138,369,118,731,296,298,208,854,1073,836,1152,591
SLC36A4,284,135,191,93,309,292,138,1871,772,808,809,361
SLC37A2,28,34,10,6,14,30,7,1033,699,1132,1939,2059
SLC38A10,1869,2295,677,841,1052,1908,1993,2100,1801,3661,2917,3959
SLC39A1,965,1307,983,1348,1198,1558,1305,2591,2144,1743,1273,2091
SLC39A10,279,574,679,648,687,409,297,474,310,236,306,287
SLC43A2,78,612,190,371,324,134,426,2676,2770,2522,2441,3391
SLC45A3,1082,1235,920,2559,1497,1211,2473,506,808,146,244,83
SLC4A1AP,488,382,301,389,414,450,487,650,481,519,544,512
SLC6A12,0,1,1,3,3,4,1,106,125,92,41,202
SLC6A6,1196,913,453,493,739,784,604,1902,1842,1378,1551,2070
SLC7A1,1244,907,967,891,608,1032,731,324,282,465,554,186
SLC7A6,1428,1085,1088,716,1597,1671,1378,839,998,350,558,633
SLC9A7,1119,2453,1383,845,2352,1398,1420,282,485,117,143,200
SLC9B2,483,241,758,415,337,493,643,82,143,104,139,53
SLFN5,21,70,18,63,83,110,135,330,304,187,276,60
SMAP2,1560,3029,2172,3989,2333,7234,3697,19994,10963,7117,4068,10962
SMARCD1,1230,1055,1224,1013,803,896,1384,642,460,944,1008,778
SMCO4,118,61,21,153,67,30,10,1243,987,801,669,445
SMIM13,150,69,142,213,93,176,107,417,402,214,178,382
SMIM14,4,65,173,620,152,405,224,1733,1189,626,619,806
SMN1,75,66,89,107,76,63,48,61,87,44,51,42
SMU1,823,704,698,985,736,1064,685,980,1034,915,870,1031
SMYD3,1092,3850,2253,3235,3868,2473,1526,194,422,159,476,327
SNAPC1,210,123,239,159,145,129,122,125,143,65,96,108
SNAPIN,517,517,675,638,545,808,594,1029,806,793,609,757
SNF8,496,599,393,608,548,699,543,972,839,1076,1191,1365
SNTB1,793,1877,1394,586,1969,1495,813,2820,3320,2513,2163,1584
SNTB2,22,2,14,56,1,1,2,151,86,72,63,83
SNX10,451,466,1125,528,1301,668,238,3467,4809,1412,1347,2211
SNX21,1,35,94,51,90,89,25,244,118,105,160,241
SNX27,241,286,144,125,213,143,256,755,701,869,673,1248
SOAT1,513,320,618,878,444,855,479,3779,3594,1514,1720,1620
SOX12,562,625,372,277,251,295,717,72,75,121,239,69
SOX4,995,3470,1718,1476,4813,391,1116,61,436,171,562,1338
SP1,1304,1459,1292,2017,1531,1337,1537,2248,2767,2214,1966,2604
SP100,1365,987,1089,1180,900,1384,1728,1831,1679,2064,1885,3832
SP140,117,11,4,6,11,100,26,14,228,285,283,540
SP4,304,262,363,299,362,472,327,163,214,105,139,249
SPA17,10,31,83,12,44,42,37,163,87,130,204,24
SPATA24,47,39,55,39,53,73,43,38,30,27,26,47
SPG20,2066,2581,2886,2283,3646,2748,2562,1679,2895,1546,1253,1418
SPI1,1837,3035,954,1147,1292,1702,2298,6126,3510,8235,8085,19092
SPIN4,688,225,609,707,560,343,137,99,562,128,68,170
SPINT1,49,234,287,20,169,204,359,743,1118,2418,2024,1382
SPNS2,1154,3138,978,548,1625,1644,2018,3,283,133,35,183
SPRY2,481,676,786,1361,1222,110,65,381,105,329,54,407
SRGAP2C,50,37,18,6,22,15,23,50,92,39,73,94
SRGN,9961,13970,13335,13874,26849,20241,6765,93684,98016,104722,113424,22025
SSBP2,795,1425,915,1868,1900,1235,1961,418,610,364,449,579
SSH2,1113,1627,327,613,791,765,735,2458,2209,1148,2166,2793
ST3GAL6,95,28,92,152,65,32,5,255,529,156,298,286
STAT5A,3187,3394,4822,5294,2747,4124,3994,2494,3052,2405,1868,2687
STAU1,1296,1164,1137,751,806,911,1228,1975,1447,2040,1432,2001
STK19,172,192,213,231,197,182,217,146,142,115,161,154
STK38,682,866,748,1259,822,742,1099,2443,2685,1622,1953,3152
STK40,867,1685,689,1118,1104,1341,1862,2092,1632,1787,1986,2431
STON2,1483,539,732,648,341,437,530,19,109,7,15,108
STRBP,612,1162,951,762,1299,500,671,139,312,362,379,164
STX18,418,367,366,388,341,287,377,404,381,491,518,565
STX3,220,368,242,227,372,524,659,692,717,1209,1113,598
SULF2,194,107,45,289,67,197,56,2994,3840,2919,1491,5541
SUMF1,372,727,431,559,559,935,553,1362,1100,1065,715,1268
SUPT4H1,1012,1263,1500,1859,1560,1729,1169,3147,2994,2130,1735,3563
SUV39H2,228,75,335,402,131,172,114,40,65,66,53,36
SYK,2636,4618,2451,2532,3711,4622,4354,8839,7081,9423,9057,7000
SYNCRIP,3043,2524,4435,3531,3705,3203,2611,2890,2961,2260,2264,2377
SYNJ2,491,320,750,393,242,567,995,13,75,130,130,86
SYTL2,72,150,22,76,83,107,69,14,9,4,8,6
SYTL3,13,93,216,12,67,22,51,131,425,692,176,429
TADA1,222,254,319,289,338,203,225,141,270,145,126,211
TADA3,415,1581,1016,441,934,938,1351,1809,1067,2395,3090,1778
TARS,2497,1644,3044,2666,2357,2308,2634,1580,2040,1473,1361,1244
TBC1D1,1618,2107,1232,1724,1711,2257,1934,3469,3104,3293,4906,4814
TBC1D19,72,83,218,124,145,73,95,40,65,35,38,22
TBC1D9,1,68,114,2,46,10,1,838,671,404,493,161
TBCCD1,396,299,346,448,345,308,398,280,223,276,285,207
TCAF1,193,207,145,131,243,139,175,98,89,96,91,56
TCEAL4,949,724,1021,567,725,641,790,314,309,518,275,195
TCEANC,43,31,73,41,56,49,82,85,84,58,76,84
TCIRG1,1396,742,372,608,322,1009,1626,2253,2333,1986,2581,4448
TCP1,5099,3836,6326,5955,4962,5172,4167,4076,4712,3084,3413,3209
TDRD7,254,237,183,315,239,475,451,953,683,708,1219,758
TESPA1,1497,1511,2183,283,1551,1381,2295,107,428,42,145,150
TEX10,1071,461,1279,1513,831,699,797,282,371,232,244,327
TEX2,359,629,762,866,441,588,697,2115,1664,2320,2730,548
TEX264,941,735,517,822,601,1048,938,932,838,1306,1131,1019
TEX30,749,532,956,622,1090,879,506,159,327,117,76,141
TFB2M,591,253,593,766,449,498,441,247,371,124,201,155
TFDP2,2388,2764,3405,767,2114,1429,2444,144,729,374,227,435
TFEB,99,519,59,36,260,122,527,980,755,1085,1542,2021
TGIF1,107,225,385,745,406,304,294,854,1291,475,645,1244
TGOLN2,3088,6074,3234,3207,5197,5233,4120,10837,10433,6320,6060,7655
THEMIS2,354,1390,386,1197,1101,621,1340,4387,4137,3642,3671,6896
THG1L,406,358,403,484,417,394,350,248,347,246,263,370
THNSL1,184,99,300,344,191,188,245,46,66,16,44,4
THUMPD2,362,118,284,264,242,215,262,144,99,111,116,104
TIE1,437,761,1323,685,442,624,514,35,139,230,35,84
TIGAR,67,110,87,69,131,245,74,521,442,214,240,623
TIRAP,120,88,56,96,81,78,106,171,99,239,246,276
TLE4,764,622,76,777,541,914,392,1538,1311,1039,1406,1930
TLN1,5110,14233,4212,1419,4862,6783,10552,11658,8365,17639,13118,19185
TLR2,281,393,44,431,469,549,164,5546,7749,1407,1419,3237
TLR5,1,7,5,35,6,44,25,1208,949,282,233,445
TLR6,140,178,145,246,291,226,140,747,936,261,304,523
TM6SF1,6,16,150,120,24,90,47,409,414,488,169,395
TMBIM6,7041,10910,11690,13475,11984,14997,10327,30470,28093,15374,12679,17462
TMEM127,1071,1661,685,1152,1125,1543,1271,4085,3318,2290,2182,4684
TMEM138,249,140,162,272,213,285,222,312,326,216,286,291
TMEM150B,40,48,37,5,28,18,66,117,112,286,184,270
TMEM182,117,121,257,82,247,160,91,53,98,36,48,20
TMEM2,267,54,118,35,39,73,109,245,318,325,286,506
TMEM220-AS1,21,77,37,56,59,54,47,6,2,11,9,11
TMEM229B,320,100,178,72,117,299,233,359,270,234,216,419
TMEM237,130,118,198,86,167,155,107,40,63,70,83,66
TMEM41A,441,460,376,341,250,170,181,227,178,176,245,314
TMEM44,359,299,263,213,192,331,482,119,81,171,105,22
TMEM57,726,726,611,484,760,400,642,471,523,327,442,442
TMEM63B,41,64,106,38,44,41,45,187,179,295,244,305
TMEM64,554,332,753,839,711,247,151,83,384,24,31,48
TMSB10,9123,16628,14101,17347,12303,15735,16891,41302,36763,33549,23874,64631
TMSB4X,4111,7539,13466,24988,15584,12099,5332,89735,56230,23129,25650,59228
TNFAIP8L2,186,195,292,701,176,689,784,761,567,767,759,694
TNFRSF4,46,240,186,60,63,618,1108,0,27,3,4,16
TNFSF10,95,140,325,45,265,153,110,3747,6720,1638,1698,3180
TNFSF13,226,375,154,250,253,465,245,894,562,768,397,657
TNFSF4,304,309,548,558,746,1346,1248,208,413,302,168,31
TNIP2,304,374,249,225,256,425,460,533,461,382,547,747
TNNI2,14,121,8,3,107,154,62,119,149,250,57,176
TOR1B,377,374,325,313,355,640,537,948,654,630,571,956
TPM3,8659,14288,17858,15133,15727,19250,14682,28618,25463,21119,16435,24448
TPSAB1,74,764,1052,1139,379,142,112,0,35,5,221,15
TRAF3IP2,632,993,308,491,882,915,940,128,280,525,354,205
TRAF3IP3,949,1756,954,1037,1416,1304,1897,1822,1783,2019,2581,3326
TRIM16L,138,74,74,57,62,102,128,21,41,19,46,28
TRIM21,404,132,281,421,146,341,399,674,680,675,769,716
TRIM24,1366,1212,1169,851,1006,367,944,252,371,715,1098,875
TRIM37,441,384,545,405,424,352,383,279,274,252,234,257
TRIM45,111,106,54,49,72,23,33,11,21,31,27,7
TRIM68,318,289,330,300,445,356,314,149,271,211,197,161
TSC22D1,5142,5036,5397,11236,9258,1058,2133,670,1287,738,886,589
TSG101,796,939,978,1049,902,1020,923,1544,1552,1155,1056,1124
TTC24,279,194,123,126,162,132,295,10,9,7,28,23
TTC26,89,75,124,85,142,90,87,26,48,44,68,17
TTC32,175,125,267,162,199,102,108,103,115,64,65,45
TTLL10,34,49,65,16,39,55,159,0,3,3,1,2
TTLL4,359,298,163,235,190,140,287,327,393,608,734,567
TTYH3,907,1705,357,332,671,1212,1575,2272,1233,2909,2863,5219
TUBE1,153,151,236,141,190,114,176,69,148,80,98,49
TUBGCP4,846,513,549,540,702,703,902,216,431,432,353,323
UAP1,523,461,405,406,419,400,360,378,262,219,204,157
UBA1,3586,6022,4521,3906,4212,6686,6878,6689,5820,8203,6876,4186
UBAC1,527,476,644,455,357,450,553,830,657,1300,844,1262
UBE2Q1,1396,1462,1196,1078,1156,1541,1567,1839,1860,1902,1828,2191
UBE4A,565,512,899,1168,848,1493,812,1538,2163,1287,868,1599
UBL5,1311,1304,1573,1205,1152,1666,1354,2046,1887,2095,2060,2000
UBTD1,22,93,46,125,38,59,65,489,225,691,415,280
UBXN2A,334,294,426,440,353,305,382,260,286,245,249,236
UGGT1,1202,1196,716,721,742,1347,1085,1488,1632,1817,1622,1023
UNC93B1,741,865,242,518,456,1554,1766,2256,1947,1881,1982,4509
UPP1,106,168,54,178,88,648,300,1689,1691,425,564,1624
URI1,1449,1453,1965,1289,1833,1788,1612,979,1096,778,521,967
USP25,950,551,838,749,610,863,858,1825,1704,1371,1369,1604
USP3,292,361,509,761,451,362,314,2551,2835,1282,1576,2681
USP32,794,975,472,368,538,538,702,1121,1191,989,1059,1370
UTP15,280,145,303,245,249,192,243,125,206,85,142,200
UXS1,1021,783,892,945,883,1569,1086,737,720,866,647,575
VANGL1,359,818,450,965,987,486,415,189,333,175,139,75
VASP,1199,2839,1946,1962,1914,2274,2044,7078,5137,8017,6421,14937
VAV2,123,318,131,154,118,20,87,530,377,611,554,742
VDR,95,31,21,33,10,21,6,830,255,787,715,752
VEGFA,105,49,158,26,69,33,72,351,381,652,615,1095
VNN2,26,271,204,20,233,148,34,2317,4577,1124,902,1277
VNN3,0,2,0,0,0,0,1,42,62,27,68,31
VPRBP,907,567,654,754,581,650,656,431,357,354,520,429
VPS11,1002,1101,657,1045,837,1500,1659,1570,1236,1349,1578,1478
VPS33A,191,249,339,205,268,396,332,493,487,420,397,226
VPS37C,133,191,121,139,98,81,90,333,194,775,704,761
VPS4A,361,496,404,408,389,509,535,542,514,684,633,614
VTI1B,662,935,1570,1152,1041,1426,1009,2469,1695,1515,1351,1928
WARS2,329,222,339,402,341,330,207,163,211,151,111,177
WBP1L,511,798,527,629,612,801,643,1469,1319,994,902,890
WBP2,938,2157,926,1047,1414,1265,1779,2214,2370,2403,1883,4426
WDFY3,204,154,31,6,84,5,4,857,598,743,452,121
WDR27,288,198,140,150,197,102,225,62,42,62,76,72
WDR35,507,258,517,149,378,284,429,96,110,60,123,0
WDR43,1533,1130,1015,1142,1187,630,787,397,417,412,519,757
WDR45,580,710,402,572,567,550,580,639,725,700,779,881
WDR7,287,394,291,378,454,431,241,707,570,556,416,765
WDR75,555,286,649,790,420,693,601,341,357,220,318,230
WIPI1,8,26,162,10,21,17,71,328,205,112,93,215
WT1,309,179,239,298,170,85,188,0,24,16,4,7
WWP2,707,1119,559,668,666,867,926,1125,1046,1628,1705,2697
XRCC4,152,124,217,292,229,198,115,578,630,294,309,268
YES1,517,398,287,310,360,219,235,79,87,10,17,14
YIPF3,1399,1665,1287,1345,1500,1726,1807,1766,1703,2029,1919,2502
YTHDF2,2265,1749,2112,1953,1954,1523,1851,1557,1792,1501,1316,1647
ZBTB12,167,133,64,67,72,84,123,14,20,84,52,35
ZBTB26,234,159,316,211,279,210,230,72,151,85,88,145
ZBTB7B,80,485,219,72,174,338,286,1719,1157,1790,2250,2548
ZBTB8A,126,123,56,109,139,70,151,0,18,7,4,6
ZC3HAV1L,50,33,14,42,39,16,37,22,23,7,2,7
ZCCHC11,723,862,453,425,629,361,728,155,212,272,368,208
ZCCHC24,1,47,101,5,17,18,36,226,121,253,315,306
ZCCHC6,727,409,461,466,476,417,819,1589,1100,787,1148,1743
ZCCHC7,654,605,736,545,837,587,968,436,494,343,425,583
ZDHHC15,81,63,154,19,65,132,104,0,27,3,2,0
ZDHHC3,803,883,1037,1088,889,1013,1104,2216,1612,2770,2257,1964
ZDHHC7,773,868,496,1045,723,1750,1007,2661,2800,1945,1913,3610
ZEB1,642,804,693,332,652,228,852,3,80,25,46,49
ZEB1-AS1,115,127,254,228,243,221,213,3,56,11,20,5
ZEB2,4037,4369,1949,2896,3563,1154,2284,7809,5954,7350,11342,18229
ZFP1,180,123,303,134,208,181,197,70,104,100,114,53
ZFP30,85,66,40,23,38,25,111,3,14,34,24,5
ZFP82,220,87,150,115,112,81,165,50,89,37,43,19
ZGLP1,7,17,3,23,8,10,26,50,39,64,31,85
ZKSCAN3,135,131,169,223,166,154,218,62,86,80,132,65
ZKSCAN7,162,50,200,122,86,49,119,26,32,50,68,14
ZMAT2,1207,1229,1208,1511,1371,1635,1060,1783,1953,1645,1347,2425
ZMYM4,1746,1587,1498,1425,1462,1837,2141,1322,1047,962,1370,1276
ZNF131,1031,595,880,903,805,602,705,540,565,429,592,585
ZNF143,296,173,285,331,264,262,334,476,414,294,398,619
ZNF146,1619,1169,1823,1811,1381,1399,1406,891,1019,763,970,793
ZNF175,246,173,228,97,166,223,366,61,109,99,128,63
ZNF181,178,93,281,183,211,175,218,45,142,63,53,60
ZNF217,682,887,491,604,642,368,699,1727,1180,1461,1687,2907
ZNF253,180,158,144,111,184,81,103,27,84,25,59,58
ZNF254,420,207,376,261,400,144,201,115,136,71,76,154
ZNF273,291,130,259,195,216,98,113,85,101,92,115,75
ZNF283,75,42,63,50,38,55,59,27,39,33,31,25
ZNF32,354,637,643,424,638,404,456,280,267,372,292,199
ZNF331,1498,1957,1239,237,2626,100,245,159,205,52,75,379
ZNF395,755,997,921,1076,1020,513,764,418,463,572,361,110
ZNF436,426,344,149,296,201,134,213,144,102,138,145,191
ZNF445,613,498,377,288,396,260,565,128,182,226,317,228
ZNF467,165,444,137,140,176,182,374,444,365,1033,385,993
ZNF485,146,38,109,68,86,53,105,13,14,31,38,9
ZNF493,65,75,104,45,128,84,68,27,66,32,41,29
ZNF506,318,162,389,232,305,177,133,114,274,100,117,114
ZNF507,459,166,367,388,275,193,355,62,119,126,124,13
ZNF585B,132,111,136,117,129,106,158,62,80,56,83,42
ZNF606,133,91,140,95,122,70,119,56,42,57,78,23
ZNF608,12,148,71,178,77,9,106,0,17,0,5,13
ZNF665,116,63,80,72,77,65,124,14,50,25,35,32
ZNF675,360,254,277,169,281,112,156,79,125,67,120,238
ZNF678,195,198,230,151,303,129,123,120,125,80,104,71
ZNF681,116,100,195,105,199,110,80,5,32,5,9,55
ZNF699,60,40,24,19,22,22,16,70,36,68,59,69
ZNF726,37,38,44,59,51,32,20,11,6,13,13,14
ZNF74,423,366,319,203,264,262,509,85,81,166,155,119
ZNF770,483,455,1090,657,774,614,405,429,460,151,183,180
ZNF792,373,199,411,463,333,295,430,58,122,143,120,50
ZNF804A,419,253,227,49,313,116,158,70,139,56,58,65
ZNF821,12,16,23,16,22,21,45,67,36,34,31,73
ZNF827,507,349,209,145,209,121,604,0,24,3,61,50
ZNF85,141,85,189,332,239,123,77,64,116,50,40,80
ZNRF1,1118,1271,1375,979,1316,1091,1835,56,366,487,474,370
ZRANB3,235,179,280,208,205,246,188,144,155,69,119,126
ZSCAN2,244,127,255,186,153,132,291,120,122,46,175,116
ZSCAN31,123,64,162,157,111,78,137,18,33,22,42,14
ZZZ3,1181,828,1133,1193,1041,587,965,433,546,522,756,624
